,name,constraint,owner
160,Multijet_CR_loose_LOW_bin_1-1,flatParam,Multijet_2x1_CR_pass
161,Multijet_CR_loose_LOW_bin_2-1,flatParam,Multijet_2x1_CR_pass
162,Multijet_CR_loose_LOW_bin_3-1,flatParam,Multijet_2x1_CR_pass
163,Multijet_CR_loose_LOW_bin_1-2,flatParam,Multijet_2x1_CR_pass
164,Multijet_CR_loose_LOW_bin_2-2,flatParam,Multijet_2x1_CR_pass
165,Multijet_CR_loose_LOW_bin_3-2,flatParam,Multijet_2x1_CR_pass
166,Multijet_CR_loose_LOW_bin_1-3,flatParam,Multijet_2x1_CR_pass
167,Multijet_CR_loose_LOW_bin_2-3,flatParam,Multijet_2x1_CR_pass
168,Multijet_CR_loose_LOW_bin_3-3,flatParam,Multijet_2x1_CR_pass
169,Multijet_CR_loose_LOW_bin_1-4,flatParam,Multijet_2x1_CR_pass
170,Multijet_CR_loose_LOW_bin_2-4,flatParam,Multijet_2x1_CR_pass
171,Multijet_CR_loose_LOW_bin_3-4,flatParam,Multijet_2x1_CR_pass
172,Multijet_CR_loose_LOW_bin_1-5,flatParam,Multijet_2x1_CR_pass
173,Multijet_CR_loose_LOW_bin_2-5,flatParam,Multijet_2x1_CR_pass
174,Multijet_CR_loose_LOW_bin_3-5,flatParam,Multijet_2x1_CR_pass
175,Multijet_CR_loose_LOW_bin_1-6,flatParam,Multijet_2x1_CR_pass
176,Multijet_CR_loose_LOW_bin_2-6,flatParam,Multijet_2x1_CR_pass
177,Multijet_CR_loose_LOW_bin_3-6,flatParam,Multijet_2x1_CR_pass
178,Multijet_CR_loose_LOW_bin_1-7,flatParam,Multijet_2x1_CR_pass
179,Multijet_CR_loose_LOW_bin_2-7,flatParam,Multijet_2x1_CR_pass
180,Multijet_CR_loose_LOW_bin_3-7,flatParam,Multijet_2x1_CR_pass
181,Multijet_CR_loose_LOW_bin_1-8,flatParam,Multijet_2x1_CR_pass
182,Multijet_CR_loose_LOW_bin_2-8,flatParam,Multijet_2x1_CR_pass
183,Multijet_CR_loose_LOW_bin_3-8,flatParam,Multijet_2x1_CR_pass
184,Multijet_CR_loose_LOW_bin_1-9,flatParam,Multijet_2x1_CR_pass
185,Multijet_CR_loose_LOW_bin_2-9,flatParam,Multijet_2x1_CR_pass
186,Multijet_CR_loose_LOW_bin_3-9,flatParam,Multijet_2x1_CR_pass
187,Multijet_CR_loose_LOW_bin_1-10,flatParam,Multijet_2x1_CR_pass
188,Multijet_CR_loose_LOW_bin_2-10,flatParam,Multijet_2x1_CR_pass
189,Multijet_CR_loose_LOW_bin_3-10,flatParam,Multijet_2x1_CR_pass
190,Multijet_CR_loose_LOW_bin_1-11,flatParam,Multijet_2x1_CR_pass
191,Multijet_CR_loose_LOW_bin_2-11,flatParam,Multijet_2x1_CR_pass
192,Multijet_CR_loose_LOW_bin_3-11,flatParam,Multijet_2x1_CR_pass
193,Multijet_CR_loose_LOW_bin_1-12,flatParam,Multijet_2x1_CR_pass
194,Multijet_CR_loose_LOW_bin_2-12,flatParam,Multijet_2x1_CR_pass
195,Multijet_CR_loose_LOW_bin_3-12,flatParam,Multijet_2x1_CR_pass
196,Multijet_CR_loose_LOW_bin_1-13,flatParam,Multijet_2x1_CR_pass
197,Multijet_CR_loose_LOW_bin_2-13,flatParam,Multijet_2x1_CR_pass
198,Multijet_CR_loose_LOW_bin_3-13,flatParam,Multijet_2x1_CR_pass
199,Multijet_CR_loose_SIG_bin_1-1,flatParam,Multijet_2x1_CR_pass
200,Multijet_CR_loose_SIG_bin_2-1,flatParam,Multijet_2x1_CR_pass
201,Multijet_CR_loose_SIG_bin_3-1,flatParam,Multijet_2x1_CR_pass
202,Multijet_CR_loose_SIG_bin_1-2,flatParam,Multijet_2x1_CR_pass
203,Multijet_CR_loose_SIG_bin_2-2,flatParam,Multijet_2x1_CR_pass
204,Multijet_CR_loose_SIG_bin_3-2,flatParam,Multijet_2x1_CR_pass
205,Multijet_CR_loose_SIG_bin_1-3,flatParam,Multijet_2x1_CR_pass
206,Multijet_CR_loose_SIG_bin_2-3,flatParam,Multijet_2x1_CR_pass
207,Multijet_CR_loose_SIG_bin_3-3,flatParam,Multijet_2x1_CR_pass
208,Multijet_CR_loose_SIG_bin_1-4,flatParam,Multijet_2x1_CR_pass
209,Multijet_CR_loose_SIG_bin_2-4,flatParam,Multijet_2x1_CR_pass
210,Multijet_CR_loose_SIG_bin_3-4,flatParam,Multijet_2x1_CR_pass
211,Multijet_CR_loose_SIG_bin_1-5,flatParam,Multijet_2x1_CR_pass
212,Multijet_CR_loose_SIG_bin_2-5,flatParam,Multijet_2x1_CR_pass
213,Multijet_CR_loose_SIG_bin_3-5,flatParam,Multijet_2x1_CR_pass
214,Multijet_CR_loose_SIG_bin_1-6,flatParam,Multijet_2x1_CR_pass
215,Multijet_CR_loose_SIG_bin_2-6,flatParam,Multijet_2x1_CR_pass
216,Multijet_CR_loose_SIG_bin_3-6,flatParam,Multijet_2x1_CR_pass
217,Multijet_CR_loose_SIG_bin_1-7,flatParam,Multijet_2x1_CR_pass
218,Multijet_CR_loose_SIG_bin_2-7,flatParam,Multijet_2x1_CR_pass
219,Multijet_CR_loose_SIG_bin_3-7,flatParam,Multijet_2x1_CR_pass
220,Multijet_CR_loose_SIG_bin_1-8,flatParam,Multijet_2x1_CR_pass
221,Multijet_CR_loose_SIG_bin_2-8,flatParam,Multijet_2x1_CR_pass
222,Multijet_CR_loose_SIG_bin_3-8,flatParam,Multijet_2x1_CR_pass
223,Multijet_CR_loose_SIG_bin_1-9,flatParam,Multijet_2x1_CR_pass
224,Multijet_CR_loose_SIG_bin_2-9,flatParam,Multijet_2x1_CR_pass
225,Multijet_CR_loose_SIG_bin_3-9,flatParam,Multijet_2x1_CR_pass
226,Multijet_CR_loose_SIG_bin_1-10,flatParam,Multijet_2x1_CR_pass
227,Multijet_CR_loose_SIG_bin_2-10,flatParam,Multijet_2x1_CR_pass
228,Multijet_CR_loose_SIG_bin_3-10,flatParam,Multijet_2x1_CR_pass
229,Multijet_CR_loose_SIG_bin_1-11,flatParam,Multijet_2x1_CR_pass
230,Multijet_CR_loose_SIG_bin_2-11,flatParam,Multijet_2x1_CR_pass
231,Multijet_CR_loose_SIG_bin_3-11,flatParam,Multijet_2x1_CR_pass
232,Multijet_CR_loose_SIG_bin_1-12,flatParam,Multijet_2x1_CR_pass
233,Multijet_CR_loose_SIG_bin_2-12,flatParam,Multijet_2x1_CR_pass
234,Multijet_CR_loose_SIG_bin_3-12,flatParam,Multijet_2x1_CR_pass
235,Multijet_CR_loose_SIG_bin_1-13,flatParam,Multijet_2x1_CR_pass
236,Multijet_CR_loose_SIG_bin_2-13,flatParam,Multijet_2x1_CR_pass
237,Multijet_CR_loose_SIG_bin_3-13,flatParam,Multijet_2x1_CR_pass
238,Multijet_CR_loose_HIGH_bin_1-1,flatParam,Multijet_2x1_CR_pass
239,Multijet_CR_loose_HIGH_bin_2-1,flatParam,Multijet_2x1_CR_pass
240,Multijet_CR_loose_HIGH_bin_3-1,flatParam,Multijet_2x1_CR_pass
241,Multijet_CR_loose_HIGH_bin_4-1,flatParam,Multijet_2x1_CR_pass
242,Multijet_CR_loose_HIGH_bin_5-1,flatParam,Multijet_2x1_CR_pass
243,Multijet_CR_loose_HIGH_bin_6-1,flatParam,Multijet_2x1_CR_pass
244,Multijet_CR_loose_HIGH_bin_1-2,flatParam,Multijet_2x1_CR_pass
245,Multijet_CR_loose_HIGH_bin_2-2,flatParam,Multijet_2x1_CR_pass
246,Multijet_CR_loose_HIGH_bin_3-2,flatParam,Multijet_2x1_CR_pass
247,Multijet_CR_loose_HIGH_bin_4-2,flatParam,Multijet_2x1_CR_pass
248,Multijet_CR_loose_HIGH_bin_5-2,flatParam,Multijet_2x1_CR_pass
249,Multijet_CR_loose_HIGH_bin_6-2,flatParam,Multijet_2x1_CR_pass
250,Multijet_CR_loose_HIGH_bin_1-3,flatParam,Multijet_2x1_CR_pass
251,Multijet_CR_loose_HIGH_bin_2-3,flatParam,Multijet_2x1_CR_pass
252,Multijet_CR_loose_HIGH_bin_3-3,flatParam,Multijet_2x1_CR_pass
253,Multijet_CR_loose_HIGH_bin_4-3,flatParam,Multijet_2x1_CR_pass
254,Multijet_CR_loose_HIGH_bin_5-3,flatParam,Multijet_2x1_CR_pass
255,Multijet_CR_loose_HIGH_bin_6-3,flatParam,Multijet_2x1_CR_pass
256,Multijet_CR_loose_HIGH_bin_1-4,flatParam,Multijet_2x1_CR_pass
257,Multijet_CR_loose_HIGH_bin_2-4,flatParam,Multijet_2x1_CR_pass
258,Multijet_CR_loose_HIGH_bin_3-4,flatParam,Multijet_2x1_CR_pass
259,Multijet_CR_loose_HIGH_bin_4-4,flatParam,Multijet_2x1_CR_pass
260,Multijet_CR_loose_HIGH_bin_5-4,flatParam,Multijet_2x1_CR_pass
261,Multijet_CR_loose_HIGH_bin_6-4,flatParam,Multijet_2x1_CR_pass
262,Multijet_CR_loose_HIGH_bin_1-5,flatParam,Multijet_2x1_CR_pass
263,Multijet_CR_loose_HIGH_bin_2-5,flatParam,Multijet_2x1_CR_pass
264,Multijet_CR_loose_HIGH_bin_3-5,flatParam,Multijet_2x1_CR_pass
265,Multijet_CR_loose_HIGH_bin_4-5,flatParam,Multijet_2x1_CR_pass
266,Multijet_CR_loose_HIGH_bin_5-5,flatParam,Multijet_2x1_CR_pass
267,Multijet_CR_loose_HIGH_bin_6-5,flatParam,Multijet_2x1_CR_pass
268,Multijet_CR_loose_HIGH_bin_1-6,flatParam,Multijet_2x1_CR_pass
269,Multijet_CR_loose_HIGH_bin_2-6,flatParam,Multijet_2x1_CR_pass
270,Multijet_CR_loose_HIGH_bin_3-6,flatParam,Multijet_2x1_CR_pass
271,Multijet_CR_loose_HIGH_bin_4-6,flatParam,Multijet_2x1_CR_pass
272,Multijet_CR_loose_HIGH_bin_5-6,flatParam,Multijet_2x1_CR_pass
273,Multijet_CR_loose_HIGH_bin_6-6,flatParam,Multijet_2x1_CR_pass
274,Multijet_CR_loose_HIGH_bin_1-7,flatParam,Multijet_2x1_CR_pass
275,Multijet_CR_loose_HIGH_bin_2-7,flatParam,Multijet_2x1_CR_pass
276,Multijet_CR_loose_HIGH_bin_3-7,flatParam,Multijet_2x1_CR_pass
277,Multijet_CR_loose_HIGH_bin_4-7,flatParam,Multijet_2x1_CR_pass
278,Multijet_CR_loose_HIGH_bin_5-7,flatParam,Multijet_2x1_CR_pass
279,Multijet_CR_loose_HIGH_bin_6-7,flatParam,Multijet_2x1_CR_pass
280,Multijet_CR_loose_HIGH_bin_1-8,flatParam,Multijet_2x1_CR_pass
281,Multijet_CR_loose_HIGH_bin_2-8,flatParam,Multijet_2x1_CR_pass
282,Multijet_CR_loose_HIGH_bin_3-8,flatParam,Multijet_2x1_CR_pass
283,Multijet_CR_loose_HIGH_bin_4-8,flatParam,Multijet_2x1_CR_pass
284,Multijet_CR_loose_HIGH_bin_5-8,flatParam,Multijet_2x1_CR_pass
285,Multijet_CR_loose_HIGH_bin_6-8,flatParam,Multijet_2x1_CR_pass
286,Multijet_CR_loose_HIGH_bin_1-9,flatParam,Multijet_2x1_CR_pass
287,Multijet_CR_loose_HIGH_bin_2-9,flatParam,Multijet_2x1_CR_pass
288,Multijet_CR_loose_HIGH_bin_3-9,flatParam,Multijet_2x1_CR_pass
289,Multijet_CR_loose_HIGH_bin_4-9,flatParam,Multijet_2x1_CR_pass
290,Multijet_CR_loose_HIGH_bin_5-9,flatParam,Multijet_2x1_CR_pass
291,Multijet_CR_loose_HIGH_bin_6-9,flatParam,Multijet_2x1_CR_pass
292,Multijet_CR_loose_HIGH_bin_1-10,flatParam,Multijet_2x1_CR_pass
293,Multijet_CR_loose_HIGH_bin_2-10,flatParam,Multijet_2x1_CR_pass
294,Multijet_CR_loose_HIGH_bin_3-10,flatParam,Multijet_2x1_CR_pass
295,Multijet_CR_loose_HIGH_bin_4-10,flatParam,Multijet_2x1_CR_pass
296,Multijet_CR_loose_HIGH_bin_5-10,flatParam,Multijet_2x1_CR_pass
297,Multijet_CR_loose_HIGH_bin_6-10,flatParam,Multijet_2x1_CR_pass
298,Multijet_CR_loose_HIGH_bin_1-11,flatParam,Multijet_2x1_CR_pass
299,Multijet_CR_loose_HIGH_bin_2-11,flatParam,Multijet_2x1_CR_pass
300,Multijet_CR_loose_HIGH_bin_3-11,flatParam,Multijet_2x1_CR_pass
301,Multijet_CR_loose_HIGH_bin_4-11,flatParam,Multijet_2x1_CR_pass
302,Multijet_CR_loose_HIGH_bin_5-11,flatParam,Multijet_2x1_CR_pass
303,Multijet_CR_loose_HIGH_bin_6-11,flatParam,Multijet_2x1_CR_pass
304,Multijet_CR_loose_HIGH_bin_1-12,flatParam,Multijet_2x1_CR_pass
305,Multijet_CR_loose_HIGH_bin_2-12,flatParam,Multijet_2x1_CR_pass
306,Multijet_CR_loose_HIGH_bin_3-12,flatParam,Multijet_2x1_CR_pass
307,Multijet_CR_loose_HIGH_bin_4-12,flatParam,Multijet_2x1_CR_pass
308,Multijet_CR_loose_HIGH_bin_5-12,flatParam,Multijet_2x1_CR_pass
309,Multijet_CR_loose_HIGH_bin_6-12,flatParam,Multijet_2x1_CR_pass
310,Multijet_CR_loose_HIGH_bin_1-13,flatParam,Multijet_2x1_CR_pass
311,Multijet_CR_loose_HIGH_bin_2-13,flatParam,Multijet_2x1_CR_pass
312,Multijet_CR_loose_HIGH_bin_3-13,flatParam,Multijet_2x1_CR_pass
313,Multijet_CR_loose_HIGH_bin_4-13,flatParam,Multijet_2x1_CR_pass
314,Multijet_CR_loose_HIGH_bin_5-13,flatParam,Multijet_2x1_CR_pass
315,Multijet_CR_loose_HIGH_bin_6-13,flatParam,Multijet_2x1_CR_pass
316,CR_RRatio_2x1_par0,flatParam,Multijet_2x1_CR_pass
317,CR_RRatio_2x1_par1,flatParam,Multijet_2x1_CR_pass
318,CR_RRatio_2x1_par2,flatParam,Multijet_2x1_CR_pass
319,CR_RRatio_2x1_par3,flatParam,Multijet_2x1_CR_pass
320,CR_RRatio_2x1_par4,flatParam,Multijet_2x1_CR_pass
